INSERT INTO `afg_db`.`language`(`id`,`name`)VALUES(1,'FR');
INSERT INTO `afg_db`.`language`(`id`,`name`)VALUES(2,'EN');


INSERT INTO `afg_db`.`address_type`(`id`,`name`)VALUES(1,'Principale');
INSERT INTO `afg_db`.`address_type`(`id`,`name`)VALUES(2,'Secondaire');

INSERT INTO `afg_db`.`address`(`id`,`city`,`country`,`number`,`street`,`zip`,`address_type_id`)VALUES(1,'Severac Le Chateau','France','27','Avenue des calquieres','12150',1);
INSERT INTO `afg_db`.`address`(`id`,`city`,`country`,`number`,`street`,`zip`,`address_type_id`)VALUES(2,'Les Vignes','France',' ','Route des gorges du Tarn','48210',2);


INSERT INTO `afg_db`.`company`(`id`,`company_name`,`email`,`naf_ape_code`,`phone`,`siret`,`vat_number`,`delivery_address_id`,`invoice_address_id`)VALUES(1,'Le Roi du Jambon','jambon@jambon.com','0123456','0147758565','45875545','FR45485544',1,2);
INSERT INTO `afg_db`.`company`(`id`,`company_name`,`email`,`naf_ape_code`,`phone`,`siret`,`vat_number`,`delivery_address_id`,`invoice_address_id`)VALUES(2,'Le Roi du Saucisson','Saucisson@Saucisson.com','0123456','0147758565','45875545','FR45485544',1,2);
INSERT INTO `afg_db`.`company`(`id`,`company_name`,`email`,`naf_ape_code`,`phone`,`siret`,`vat_number`,`delivery_address_id`,`invoice_address_id`)VALUES(3,'Le Roi du Fromage','fromage@fromage.com','0123456','0147758565','45875545','FR45485544',1,2);

INSERT INTO `afg_db`.`user`(`id`,`active`,`email`,`first_name`,`last_name`,`password`,`roles`,`company_id`)VALUES(1,1,'toto@toto.com','Toto','de Toto','toto','ROLE_USER',1);
INSERT INTO `afg_db`.`user`(`id`,`active`,`email`,`first_name`,`last_name`,`password`,`roles`,`company_id`)VALUES(2,1,'tata@tata.com','Tata','de Tata','tata','ROLE_USER',1);
INSERT INTO `afg_db`.`user`(`id`,`active`,`email`,`first_name`,`last_name`,`password`,`roles`,`company_id`)VALUES(3,1,'titi@titi.com','Titi','de Titi','titi','ROLE_USER',1);


INSERT INTO `afg_db`.`vat_type`(`id`,`rate`,`start_date`)VALUES('1', '5.5', '2021-01-01');
INSERT INTO `afg_db`.`vat_type`(`id`,`rate`,`start_date`)VALUES('2', '20', '2021-01-01');

INSERT INTO `afg_db`.`product_type`(`id`,`product_type`,`vat_type_id`)VALUES(1,'Jambon',1);
INSERT INTO `afg_db`.`product_type`(`id`,`product_type`,`vat_type_id`)VALUES(2,'Saucisson',1);
INSERT INTO `afg_db`.`product_type`(`id`,`product_type`,`vat_type_id`)VALUES(3,'Fromage',1);
INSERT INTO `afg_db`.`product_type`(`id`,`product_type`,`vat_type_id`)VALUES(4,'Alcool',2);
INSERT INTO `afg_db`.`product_type`(`id`,`product_type`,`vat_type_id`)VALUES(5,'Boisson',1);
INSERT INTO `afg_db`.`product_type`(`id`,`product_type`,`vat_type_id`)VALUES(6,'Conserve',1);


INSERT INTO `afg_db`.`product`(`id`,`brand`,`description`,`image_url`,`moq`,`name`,`origin`,`quantity_unity`,`ref`,`product_type_id`,`supplier_id`,`product_is_active`,`low_price`,`high_price`) VALUES (1,NULL,'Séchage +24mois JAMBON DE PORC IBERIQUE DE CEBO 100% SANS GLUTEN SANS OGM SANS ALLERGENE SANS LACTOSE SANS COLORANT ARTIFICIEL JAMBON DE PORC IBERIQUE DE CEBO 100% SANS GLUTEN SANS OGM SANS ALLERGENE SANS LACTOSE SANS COLORANT ARTIFICIEL','images/products/1.jpg',10,'JAMBON IBERIQUE SANS OS','ESPAGNE','Kg',NULL,1,1,true,63.8,119);
INSERT INTO `afg_db`.`product`(`id`,`brand`,`description`,`image_url`,`moq`,`name`,`origin`,`quantity_unity`,`ref`,`product_type_id`,`supplier_id`,`product_is_active`,`low_price`,`high_price`) VALUES (2,NULL,'Sous-vide SANS OGM SANS OGM','images/products/2.jpg',8,'FILET DE PORC SECHE','ESPAGNE','Kg',NULL,1,1,true,12.1,49);
INSERT INTO `afg_db`.`product`(`id`,`brand`,`description`,`image_url`,`moq`,`name`,`origin`,`quantity_unity`,`ref`,`product_type_id`,`supplier_id`,`product_is_active`,`low_price`,`high_price`) VALUES (3,NULL,'Séchage +20mois 100% RACE IBERIQUE 100% RACE IBERIQUE','images/products/3.jpg',5.7,'PATA NEGRA BELLOTA A/OS PROMO','ESPAGNE','Kg',NULL,1,1,true,63.38,189);
INSERT INTO `afg_db`.`product`(`id`,`brand`,`description`,`image_url`,`moq`,`name`,`origin`,`quantity_unity`,`ref`,`product_type_id`,`supplier_id`,`product_is_active`,`low_price`,`high_price`) VALUES (4,NULL,'SANS GLUTEN AROMES NATURELS SANS GLUTEN AROMES NATURELS','images/products/4.jpg',18,'1/2 NOIX TRESSEE AU KG','ITALIE','Kg',NULL,1,1,true,16.49,68);
INSERT INTO `afg_db`.`product`(`id`,`brand`,`description`,`image_url`,`moq`,`name`,`origin`,`quantity_unity`,`ref`,`product_type_id`,`supplier_id`,`product_is_active`,`low_price`,`high_price`) VALUES (5,NULL,'Sous-vide SANS OGM NON IONISE SANS ADDITIF VPF SANS OGM NON IONISE SANS ADDITIF VPF','images/products/5.jpg',16.5,'COCHON DE L''AVEYRON ENTIER','FRANCE','Kg',NULL,1,1,true,10,27.66);
INSERT INTO `afg_db`.`product`(`id`,`brand`,`description`,`image_url`,`moq`,`name`,`origin`,`quantity_unity`,`ref`,`product_type_id`,`supplier_id`,`product_is_active`,`low_price`,`high_price`) VALUES (6,NULL,'Sous-vide SANS OGM NON IONISE SANS ADDITIF SANS OGM NON IONISE SANS ADDITIF','images/products/6.jpg',6,'COCHON DE L''AVEYRON 1/4','FRANCE','Kg',NULL,1,1,true,12.02,39);
INSERT INTO `afg_db`.`product`(`id`,`brand`,`description`,`image_url`,`moq`,`name`,`origin`,`quantity_unity`,`ref`,`product_type_id`,`supplier_id`,`product_is_active`,`low_price`,`high_price`) VALUES (7,NULL,'Sous-vide SANS OGM NON IONISE SANS ADDITIF VPF SANS OGM NON IONISE SANS ADDITIF VPF','images/products/7.jpg',15.6,'COCHON DE L''AVEYRON 1/2','FRANCE','Kg',NULL,1,1,true,11,39);
INSERT INTO `afg_db`.`product`(`id`,`brand`,`description`,`image_url`,`moq`,`name`,`origin`,`quantity_unity`,`ref`,`product_type_id`,`supplier_id`,`product_is_active`,`low_price`,`high_price`) VALUES (8,NULL,'Sous atmosphère 10 tranches','images/products/8.jpg',1,'COCHON DE L''AVEYRON TRANCHES','FRANCE','Kg',NULL,1,1,true,14.15,39);
INSERT INTO `afg_db`.`product`(`id`,`brand`,`description`,`image_url`,`moq`,`name`,`origin`,`quantity_unity`,`ref`,`product_type_id`,`supplier_id`,`product_is_active`,`low_price`,`high_price`) VALUES (9,NULL,'Séchage +7mois SANS OGM SANS ALLERGENE SANS LACTOSE SANS GLUTEN SANS COLORANT SANS OGM SANS ALLERGENE SANS LACTOSE SANS GLUTEN SANS COLORANT','images/products/9.jpg',10,'BOEUF SECHE FUME 1/2','ESPAGNE','Kg',NULL,1,1,true,32,88);
INSERT INTO `afg_db`.`product`(`id`,`brand`,`description`,`image_url`,`moq`,`name`,`origin`,`quantity_unity`,`ref`,`product_type_id`,`supplier_id`,`product_is_active`,`low_price`,`high_price`) VALUES (10,NULL,'Affiné SANS GLUTEN SANS LACTOSE SANS GLUTEN SANS LACTOSE','images/products/10.jpg',10,'JAMBON FUME 1/4','ITALIE','Kg',NULL,1,1,true,14.41,39);
INSERT INTO `afg_db`.`product`(`id`,`brand`,`description`,`image_url`,`moq`,`name`,`origin`,`quantity_unity`,`ref`,`product_type_id`,`supplier_id`,`product_is_active`,`low_price`,`high_price`) VALUES (11,NULL,'Affiné SANS GLUTEN SANS LACTOSE SANS GLUTEN SANS LACTOSE','images/products/11.jpg',10,'JAMBON FUME 1/2','ITALIE','Kg',NULL,1,1,true,14.24,39);
INSERT INTO `afg_db`.`product`(`id`,`brand`,`description`,`image_url`,`moq`,`name`,`origin`,`quantity_unity`,`ref`,`product_type_id`,`supplier_id`,`product_is_active`,`low_price`,`high_price`) VALUES (12,NULL,'Affiné SANS GLUTEN SANS LACTOSE SANS GLUTEN SANS LACTOSE','images/products/12.jpg',9.6,'JAMBON FUME ENTIER','ITALIE','Kg',NULL,1,1,true,13.71,39);
INSERT INTO `afg_db`.`product`(`id`,`brand`,`description`,`image_url`,`moq`,`name`,`origin`,`quantity_unity`,`ref`,`product_type_id`,`supplier_id`,`product_is_active`,`low_price`,`high_price`) VALUES (13,NULL,'Nu SANS OGM SANS OGM','images/products/13.jpg',7.5,'NOIX DE JAMBONNETTE AU KG','ESPAGNE','Kg',NULL,1,1,true,9.15,25);
INSERT INTO `afg_db`.`product`(`id`,`brand`,`description`,`image_url`,`moq`,`name`,`origin`,`quantity_unity`,`ref`,`product_type_id`,`supplier_id`,`product_is_active`,`low_price`,`high_price`) VALUES (14,NULL,'SANS OGM NON IONISE SANS OGM NON IONISE','images/products/14.jpg',15,'COCHE OS AU KG','UE','Kg',NULL,1,1,true,12.13,27.8);
INSERT INTO `afg_db`.`product`(`id`,`brand`,`description`,`image_url`,`moq`,`name`,`origin`,`quantity_unity`,`ref`,`product_type_id`,`supplier_id`,`product_is_active`,`low_price`,`high_price`) VALUES (15,NULL,'SANS OGM NON IONISE SANS OGM NON IONISE','images/products/15.jpg',11,'COCHE SS OS AU KG','UE','Kg',NULL,1,1,true,13.26,33.12);
INSERT INTO `afg_db`.`product`(`id`,`brand`,`description`,`image_url`,`moq`,`name`,`origin`,`quantity_unity`,`ref`,`product_type_id`,`supplier_id`,`product_is_active`,`low_price`,`high_price`) VALUES (16,NULL,'Désossé. lié et cousu à la main SANS POLYPHOSPHATE SANS OGM SANS GLUTEN FAIT MAIN SANS POLYPHOSPHATE SANS OGM SANS GLUTEN FAIT MAIN','images/products/16.jpg',14,'RÔTI DE JAMBON AUX HERBES','ITALIE','Kg',NULL,1,1,true,12.5,59);
INSERT INTO `afg_db`.`product`(`id`,`brand`,`description`,`image_url`,`moq`,`name`,`origin`,`quantity_unity`,`ref`,`product_type_id`,`supplier_id`,`product_is_active`,`low_price`,`high_price`) VALUES (17,NULL,'Sous atmosphère SANS OGM SANS CONSERVATEUR NON IONISE SANS ADDITIF SANS OGM SANS CONSERVATEUR NON IONISE SANS ADDITIF','images/products/17.jpg',3,'CARTON 6 BARQUETTES 20TR','FRANCE','Pièce',NULL,1,1,true,51.2,NULL);
INSERT INTO `afg_db`.`product`(`id`,`brand`,`description`,`image_url`,`moq`,`name`,`origin`,`quantity_unity`,`ref`,`product_type_id`,`supplier_id`,`product_is_active`,`low_price`,`high_price`) VALUES (18,NULL,'70% sanglier Truffe d''été 3% 100% TRAVAILLE AU COUTEAU BOYAU NATUREL LIE A LA MAIN SECHAGE 90 JOURS TRUFFES D''ORIGINE ITALIENNE 100% TRAVAILLE AU COUTEAU BOYAU NATUREL LIE A LA MAIN SECHAGE 90 JOURS TRUFFES D''ORIGINE ITALIENNE','images/products/18.jpg',12,'SAUCISSON SANGLIER TRUFFES','ITALIE','Kg',NULL,2,1,true,34.16,119);
INSERT INTO `afg_db`.`product`(`id`,`brand`,`description`,`image_url`,`moq`,`name`,`origin`,`quantity_unity`,`ref`,`product_type_id`,`supplier_id`,`product_is_active`,`low_price`,`high_price`) VALUES (19,NULL,'SANS OGM NON IONISE SANS OGM NON IONISE','images/products/19.jpg',6,'SAUCISSE PERCHE LE KG','FRANCE','Kg',NULL,2,1,true,9.36,36);
INSERT INTO `afg_db`.`product`(`id`,`brand`,`description`,`image_url`,`moq`,`name`,`origin`,`quantity_unity`,`ref`,`product_type_id`,`supplier_id`,`product_is_active`,`low_price`,`high_price`) VALUES (20,NULL,'Porc+coche dont 80% de jambon Affinage + 5semaines BRIDE A LA MAIN BRIDE A LA MAIN','images/products/20.jpg',15,'SAUCISSON SAVOUREUX A LA PIECE','FRANCE','Pièce',NULL,2,1,true,9.66,28);
INSERT INTO `afg_db`.`product`(`id`,`brand`,`description`,`image_url`,`moq`,`name`,`origin`,`quantity_unity`,`ref`,`product_type_id`,`supplier_id`,`product_is_active`,`low_price`,`high_price`) VALUES (21,NULL,'Porc + coche + cèpes 5% Affinage + 6 semaines BRIDE A LA MAIN BRIDE A LA MAIN','images/products/21.jpg',18,'SAUCISSON GOURMAND AUX CEPES','FRANCE','Kg',NULL,2,1,true,14.73,53);
INSERT INTO `afg_db`.`product`(`id`,`brand`,`description`,`image_url`,`moq`,`name`,`origin`,`quantity_unity`,`ref`,`product_type_id`,`supplier_id`,`product_is_active`,`low_price`,`high_price`) VALUES (22,NULL,'45% sanglier  Séchage + 6 semaines BRIDE A LA MAIN BRIDE A LA MAIN','images/products/22.jpg',18,'SAUCISSON GOURMAND AU SANGLIER','FRANCE','Kg',NULL,2,1,true,15.14,53);
INSERT INTO `afg_db`.`product`(`id`,`brand`,`description`,`image_url`,`moq`,`name`,`origin`,`quantity_unity`,`ref`,`product_type_id`,`supplier_id`,`product_is_active`,`low_price`,`high_price`) VALUES (23,NULL,'45% canard  Séchage + 6 semaines BRIDE A LA MAIN BRIDE A LA MAIN','images/products/23.jpg',18,'SAUCISSON GOURMAND AU CANARD','FRANCE','Kg',NULL,2,1,true,15.64,53);
INSERT INTO `afg_db`.`product`(`id`,`brand`,`description`,`image_url`,`moq`,`name`,`origin`,`quantity_unity`,`ref`,`product_type_id`,`supplier_id`,`product_is_active`,`low_price`,`high_price`) VALUES (24,NULL,'Porc + coche + 7% noix BRIDE A LA MAIN BRIDE A LA MAIN','images/products/24.jpg',18,'SAUCISSON GOURMAND AUX NOIX','FRANCE','Kg',NULL,2,1,true,13.69,53);
INSERT INTO `afg_db`.`product`(`id`,`brand`,`description`,`image_url`,`moq`,`name`,`origin`,`quantity_unity`,`ref`,`product_type_id`,`supplier_id`,`product_is_active`,`low_price`,`high_price`) VALUES (25,NULL,'45% cerf BRIDE A LA MAIN BRIDE A LA MAIN','images/products/25.jpg',18,'SAUCISSON GOURMAND AU CERF','FRANCE','Kg',NULL,2,1,true,16.16,53);
INSERT INTO `afg_db`.`product`(`id`,`brand`,`description`,`image_url`,`moq`,`name`,`origin`,`quantity_unity`,`ref`,`product_type_id`,`supplier_id`,`product_is_active`,`low_price`,`high_price`) VALUES (26,NULL,'Porc + coche 2.3% piments  Séchage + 6 semaines BRIDE A LA MAIN BRIDE A LA MAIN','images/products/26.jpg',18,'SAUCISSON GOURMAND PIMENT ESP','FRANCE','Kg',NULL,2,1,true,13.31,53);
INSERT INTO `afg_db`.`product`(`id`,`brand`,`description`,`image_url`,`moq`,`name`,`origin`,`quantity_unity`,`ref`,`product_type_id`,`supplier_id`,`product_is_active`,`low_price`,`high_price`) VALUES (27,NULL,'BOYAU NATUREL ATTACHE A LA FICELLE SANS OGM PORC ORIGINE UE CONSERVATION TEMP < 15°C BOYAU NATUREL ATTACHE A LA FICELLE SANS OGM PORC ORIGINE UE CONSERVATION TEMP < 15°C','images/products/27.jpg',15,'SAUCISSON PAYSAN FUME','FRANCE','Kg',NULL,2,1,true,9.79,41);
INSERT INTO `afg_db`.`product`(`id`,`brand`,`description`,`image_url`,`moq`,`name`,`origin`,`quantity_unity`,`ref`,`product_type_id`,`supplier_id`,`product_is_active`,`low_price`,`high_price`) VALUES (28,NULL,'BOYAU NATUREL ATTACHE A LA FICELLE SANS OGM NOIX 3.3% ROQUEFORT 2% PORC ORIGINE UE CONSERVATION TEMP < 15°C BOYAU NATUREL ATTACHE A LA FICELLE SANS OGM NOIX 3.3% ROQUEFORT 2% PORC ORIGINE UE CONSERVATION TEMP < 15°C','images/products/28.jpg',0,'SAUCISSON PAYSAN NOIX-ROQ','FRANCE','Kg',NULL,2,1,true,10.68,41);
INSERT INTO `afg_db`.`product`(`id`,`brand`,`description`,`image_url`,`moq`,`name`,`origin`,`quantity_unity`,`ref`,`product_type_id`,`supplier_id`,`product_is_active`,`low_price`,`high_price`) VALUES (29,NULL,'Séchage +6 semaines BRIDE A LA MAIN BRIDE A LA MAIN','images/products/29.jpg',22.5,'SAUCISSON GOURMAND ENR POIVRE','FRANCE','Kg',NULL,2,1,true,14.29,53);
INSERT INTO `afg_db`.`product`(`id`,`brand`,`description`,`image_url`,`moq`,`name`,`origin`,`quantity_unity`,`ref`,`product_type_id`,`supplier_id`,`product_is_active`,`low_price`,`high_price`) VALUES (30,NULL,'Colisage variable colis de 10kg environ BOYAU NATUREL FIGUE 6.6% ATTACHE A LA FICELLE PORC ORIGINE UE CONSERVATION TEMPERATURE < 15°C BOYAU NATUREL FIGUE 6.6% ATTACHE A LA FICELLE PORC ORIGINE UE CONSERVATION TEMPERATURE < 15°C','images/products/30.jpg',12,'SAUCISSON PAYSAN FIGUES','FRANCE','Kg',NULL,2,1,true,10,41);
INSERT INTO `afg_db`.`product`(`id`,`brand`,`description`,`image_url`,`moq`,`name`,`origin`,`quantity_unity`,`ref`,`product_type_id`,`supplier_id`,`product_is_active`,`low_price`,`high_price`) VALUES (31,NULL,'Porc + coche 2.3% piments  Séchage + 6 semaines BRIDE A LA MAIN BRIDE A LA MAIN','images/products/31.jpg',18,'SAUCISSON GOURMAND TAUREAU','FRANCE','Kg',NULL,2,1,true,17.18,79);
INSERT INTO `afg_db`.`product`(`id`,`brand`,`description`,`image_url`,`moq`,`name`,`origin`,`quantity_unity`,`ref`,`product_type_id`,`supplier_id`,`product_is_active`,`low_price`,`high_price`) VALUES (32,NULL,'Fabriqué en Aveyron Fabriqué en Aveyron','images/products/32.jpg',15,'SAUCISSON NATURE AVEYRONNAIS','FRANCE','Kg',NULL,2,1,true,13.2,47);
INSERT INTO `afg_db`.`product`(`id`,`brand`,`description`,`image_url`,`moq`,`name`,`origin`,`quantity_unity`,`ref`,`product_type_id`,`supplier_id`,`product_is_active`,`low_price`,`high_price`) VALUES (33,NULL,'AOP AOP','images/products/33.jpg',1,'SAINT NECTAIRE LAITIER','FRANCE','Kg',NULL,3,1,true,8.6,18);
INSERT INTO `afg_db`.`product`(`id`,`brand`,`description`,`image_url`,`moq`,`name`,`origin`,`quantity_unity`,`ref`,`product_type_id`,`supplier_id`,`product_is_active`,`low_price`,`high_price`) VALUES (34,NULL,'Lait entier pasteurisé Affinage 2.5 mois Médaille d''or Concours général agricole 2018 Sans colorant Sans conservateur Sans lysozyme adapté aux allergiques 100% naturel présure végétale adapté aux végétariens Médaille d''or Concours général agricole 2018 Sans colorant Sans conservateur Sans lysozyme adapté aux allergiques 100% naturel présure végétale adapté aux végétariens','images/products/34.jpg',9,'PERALOUS','FRANCE','Kg',NULL,3,1,true,13.9,37.25);
INSERT INTO `afg_db`.`product`(`id`,`brand`,`description`,`image_url`,`moq`,`name`,`origin`,`quantity_unity`,`ref`,`product_type_id`,`supplier_id`,`product_is_active`,`low_price`,`high_price`) VALUES (35,NULL,'Affinage 90jrs minimum Lait de brebis cru entier AOP BREBIS ROUGE SANS OGM SANS IONISATION LAIT LOCAL AOP BREBIS ROUGE SANS OGM SANS IONISATION LAIT LOCAL','images/products/35.jpg',5.6,'ROQUEFORT','FRANCE','Kg',NULL,3,1,true,19,39);
INSERT INTO `afg_db`.`product`(`id`,`brand`,`description`,`image_url`,`moq`,`name`,`origin`,`quantity_unity`,`ref`,`product_type_id`,`supplier_id`,`product_is_active`,`low_price`,`high_price`) VALUES (36,NULL,'Affinage 30jrs minimum Pâte souple Lait de brebis thermisé LAIT D''AVEYRON SANS OGM SANS IONISATION LAIT D''AVEYRON SANS OGM SANS IONISATION','images/products/36.jpg',6,'BREBORIOUX','FRANCE','Kg',NULL,3,1,true,13.64,33);
INSERT INTO `afg_db`.`product`(`id`,`brand`,`description`,`image_url`,`moq`,`name`,`origin`,`quantity_unity`,`ref`,`product_type_id`,`supplier_id`,`product_is_active`,`low_price`,`high_price`) VALUES (37,NULL,'Pâte souple Lait pasteurisé Affiné en France Croûte naturelle Affiné en France Croûte naturelle','images/products/37.jpg',4.5,'TOMME CHEVRE VIEILLE','PAYS-BAS','Kg',NULL,3,1,true,13.32,45);
INSERT INTO `afg_db`.`product`(`id`,`brand`,`description`,`image_url`,`moq`,`name`,`origin`,`quantity_unity`,`ref`,`product_type_id`,`supplier_id`,`product_is_active`,`low_price`,`high_price`) VALUES (38,NULL,'Pâte souple Lait pasteurisé Affiné en France Croûte naturelle Affiné en France Croûte naturelle','images/products/38.jpg',4.5,'TOMME CHEVRE GRISE','PAYS-BAS','Kg',NULL,3,1,true,13.19,43);
INSERT INTO `afg_db`.`product`(`id`,`brand`,`description`,`image_url`,`moq`,`name`,`origin`,`quantity_unity`,`ref`,`product_type_id`,`supplier_id`,`product_is_active`,`low_price`,`high_price`) VALUES (39,NULL,'Pâte souple Lait de vache cru Affiné en France Croûte naturelle Affiné en France Croûte naturelle','images/products/39.jpg',9,'TRUFFADOU TOMME VACHE TRUFFE','PAYS-BAS','Kg',NULL,3,1,true,25.1,74);
INSERT INTO `afg_db`.`product`(`id`,`brand`,`description`,`image_url`,`moq`,`name`,`origin`,`quantity_unity`,`ref`,`product_type_id`,`supplier_id`,`product_is_active`,`low_price`,`high_price`) VALUES (40,NULL,'Pâte souple Lait cru Affiné en France Croûte naturelle Affiné en France Croûte naturelle','images/products/40.jpg',4.5,'MEULE DE VACHE A LA CHATAIGNE','PAYS-BAS','Kg',NULL,3,1,true,12.65,34.9);
INSERT INTO `afg_db`.`product`(`id`,`brand`,`description`,`image_url`,`moq`,`name`,`origin`,`quantity_unity`,`ref`,`product_type_id`,`supplier_id`,`product_is_active`,`low_price`,`high_price`) VALUES (41,NULL,'Pâte souple Lait de vache cru AFFINE EN FRANCE CROUTE NATURELLE AFFINE EN FRANCE CROUTE NATURELLE','images/products/41.jpg',4.5,'TOMME TOMATE AUX OLIVES','PAYS-BAS','Kg',NULL,3,1,true,13.85,42);
INSERT INTO `afg_db`.`product`(`id`,`brand`,`description`,`image_url`,`moq`,`name`,`origin`,`quantity_unity`,`ref`,`product_type_id`,`supplier_id`,`product_is_active`,`low_price`,`high_price`) VALUES (42,NULL,'Pâte souple Lait de chèvre thermisé Affiné en France Croûte naturelle Affiné en France Croûte naturelle','images/products/42.jpg',4.5,'TOMME CHEVRE A LA TRUFFE','PAYS-BAS','Kg',NULL,3,1,true,26.2,74);
INSERT INTO `afg_db`.`product`(`id`,`brand`,`description`,`image_url`,`moq`,`name`,`origin`,`quantity_unity`,`ref`,`product_type_id`,`supplier_id`,`product_is_active`,`low_price`,`high_price`) VALUES (43,NULL,'Affinage 90jrs minimum Pâte pressée non cuite  Lait de brebis thermisé LAIT DE BREBIS LOCAL SANS IONISATION SANS OGM FABRIQUE EN AVEYRON LAIT DE BREBIS LOCAL SANS IONISATION SANS OGM FABRIQUE EN AVEYRON','images/products/43.jpg',4.5,'LOU FEDE','FRANCE','Kg',NULL,3,1,true,13.14,38);
INSERT INTO `afg_db`.`product`(`id`,`brand`,`description`,`image_url`,`moq`,`name`,`origin`,`quantity_unity`,`ref`,`product_type_id`,`supplier_id`,`product_is_active`,`low_price`,`high_price`) VALUES (44,NULL,'LAIT DE VACHE DE MONTAGNE PASTEURISE PATE NON PRESSEE NON CUITE PATE PERSILLEE : PENNICILLIUM ROQUEFORTI ET GROS SEL AFFINAGE 45 JOURS MINIMUM SALAGE A LA MAIN CROUTE NATURELLE LAIT DE VACHE DE MONTAGNE PASTEURISE PATE NON PRESSEE NON CUITE PATE PERSILLEE : PENNICILLIUM ROQUEFORTI ET GROS SEL AFFINAGE 45 JOURS MINIMUM SALAGE A LA MAIN CROUTE NATURELLE','images/products/44.jpg',2,'TOME AU BLEU LA MEMEE','FRANCE','Kg',NULL,3,1,true,12.75,28);
INSERT INTO `afg_db`.`product`(`id`,`brand`,`description`,`image_url`,`moq`,`name`,`origin`,`quantity_unity`,`ref`,`product_type_id`,`supplier_id`,`product_is_active`,`low_price`,`high_price`) VALUES (45,NULL,'AOP ROCAMADOUR AOP ROCAMADOUR','images/products/45.jpg',20,'ROCAMADOUR AOP','FRANCE','Pièce',NULL,3,1,true,0.84,3.5);
INSERT INTO `afg_db`.`product`(`id`,`brand`,`description`,`image_url`,`moq`,`name`,`origin`,`quantity_unity`,`ref`,`product_type_id`,`supplier_id`,`product_is_active`,`low_price`,`high_price`) VALUES (46,NULL,'Pâte molle Origine : Auvergne  Lait de Montagne Lait de Montagne','images/products/46.jpg',6,'TOMME DU LIVRADOIS','FRANCE','Kg',NULL,3,1,true,10.51,28);
INSERT INTO `afg_db`.`product`(`id`,`brand`,`description`,`image_url`,`moq`,`name`,`origin`,`quantity_unity`,`ref`,`product_type_id`,`supplier_id`,`product_is_active`,`low_price`,`high_price`) VALUES (47,NULL,'AOP LAGUIOLE AOP LAGUIOLE','images/products/47.jpg',1,'LAGUIOLE AOP','FRANCE','Kg',NULL,3,1,true,12.1,31);
INSERT INTO `afg_db`.`product`(`id`,`brand`,`description`,`image_url`,`moq`,`name`,`origin`,`quantity_unity`,`ref`,`product_type_id`,`supplier_id`,`product_is_active`,`low_price`,`high_price`) VALUES (48,NULL,'Ce fromage fermier au lait cru de vache. est un produit emblématique de l’Auvergne.  Sa pâte à la texture plutôt friable est aromatisée à l’ail frais et au poivre.','images/products/48.jpg',0.3,'GAPERON','FRANCE','Pièce',NULL,3,1,true,5.89,8);
INSERT INTO `afg_db`.`product`(`id`,`brand`,`description`,`image_url`,`moq`,`name`,`origin`,`quantity_unity`,`ref`,`product_type_id`,`supplier_id`,`product_is_active`,`low_price`,`high_price`) VALUES (49,NULL,'A cuisiner ou à tartiner Produit de Montagne Produit de Montagne','images/products/49.jpg',6,'CREME DE ST NECTAIRE 150G','FRANCE','Pièce',NULL,3,1,true,2.53,5);
INSERT INTO `afg_db`.`product`(`id`,`brand`,`description`,`image_url`,`moq`,`name`,`origin`,`quantity_unity`,`ref`,`product_type_id`,`supplier_id`,`product_is_active`,`low_price`,`high_price`) VALUES (50,NULL,'A cuisiner ou à tartiner Produit de Montagne Produit de Montagne','images/products/50.jpg',6,'CREME DE BLEU D''AUVERGNE 150G',NULL,'Pièce',NULL,3,1,true,2.53,5);
INSERT INTO `afg_db`.`product`(`id`,`brand`,`description`,`image_url`,`moq`,`name`,`origin`,`quantity_unity`,`ref`,`product_type_id`,`supplier_id`,`product_is_active`,`low_price`,`high_price`) VALUES (51,NULL,'Au lait cru entier fabriquée en Quercy. c''est le symbole de l’Occitanie !','images/products/51.jpg',5,'PETIT CHEVRE LA CROSETA',NULL,'Pièce',NULL,3,1,true,2.93,6);
INSERT INTO `afg_db`.`product`(`id`,`brand`,`description`,`image_url`,`moq`,`name`,`origin`,`quantity_unity`,`ref`,`product_type_id`,`supplier_id`,`product_is_active`,`low_price`,`high_price`) VALUES (52,NULL,'Lait Pasteurisé','images/products/52.jpg',6,'RACLETTE NATURE 2EME CAT','FRANCE','Kg',NULL,3,1,true,8.2,23);
INSERT INTO `afg_db`.`product`(`id`,`brand`,`description`,`image_url`,`moq`,`name`,`origin`,`quantity_unity`,`ref`,`product_type_id`,`supplier_id`,`product_is_active`,`low_price`,`high_price`) VALUES (53,NULL,'ALCOOL 45°','images/products/53.jpg',6,'PASTIS AVEYRONNAIS M.BONAL','AVYERON. FRANCE','Pièce',NULL,4,1,true,18.5,30);
INSERT INTO `afg_db`.`product`(`id`,`brand`,`description`,`image_url`,`moq`,`name`,`origin`,`quantity_unity`,`ref`,`product_type_id`,`supplier_id`,`product_is_active`,`low_price`,`high_price`) VALUES (54,NULL,'ALCOOL 16°','images/products/54.jpg',6,'GENTIANE D''AUBRAC M.BONAL','AVEYRON. FRANCE','Pièce',NULL,4,1,true,10.15,24);
INSERT INTO `afg_db`.`product`(`id`,`brand`,`description`,`image_url`,`moq`,`name`,`origin`,`quantity_unity`,`ref`,`product_type_id`,`supplier_id`,`product_is_active`,`low_price`,`high_price`) VALUES (55,NULL,'ALCOOL 16°','images/products/55.jpg',6,'APERITIF JOLIE COING M.BONAL','AVEYRON. FRANCE','Pièce',NULL,4,1,true,13.24,24);
INSERT INTO `afg_db`.`product`(`id`,`brand`,`description`,`image_url`,`moq`,`name`,`origin`,`quantity_unity`,`ref`,`product_type_id`,`supplier_id`,`product_is_active`,`low_price`,`high_price`) VALUES (56,NULL,'ALCOOL 25°','images/products/56.jpg',6,'T D''AUBRAC M.BONAL','AVEYRON. FRANCE','Pièce',NULL,4,1,true,17.71,26);
INSERT INTO `afg_db`.`product`(`id`,`brand`,`description`,`image_url`,`moq`,`name`,`origin`,`quantity_unity`,`ref`,`product_type_id`,`supplier_id`,`product_is_active`,`low_price`,`high_price`) VALUES (57,NULL,'80% pinot noir 20% pinot meunier Robe jaune aux reflets argentés Nez finement agrumé Bulles fines AOC VIEILLISSEMENT 2 ANS MINIMUM DEGORGE 3 MOIS MINIMUM AOC VIEILLISSEMENT 2 ANS MINIMUM DEGORGE 3 MOIS MINIMUM','images/products/57.jpg',6,'CHAMPAGNE BRUT TRADITION','FRANCE','Pièce',NULL,4,1,true,13.97,26);
INSERT INTO `afg_db`.`product`(`id`,`brand`,`description`,`image_url`,`moq`,`name`,`origin`,`quantity_unity`,`ref`,`product_type_id`,`supplier_id`,`product_is_active`,`low_price`,`high_price`) VALUES (58,NULL,'80% pinot noir 20% pinot meunier Robe jaune aux reflets argentés Nez finement agrumé Bulles fines AOC VIEILLISSEMENT 2 ANS MINIMUM DEGORGE 3 MOIS MINIMUM AOC VIEILLISSEMENT 2 ANS MINIMUM DEGORGE 3 MOIS MINIMUM','images/products/58.jpg',3,'MAGNUM CHAMPAGNE','FRANCE','Pièce',NULL,4,1,true,28,45);
INSERT INTO `afg_db`.`product`(`id`,`brand`,`description`,`image_url`,`moq`,`name`,`origin`,`quantity_unity`,`ref`,`product_type_id`,`supplier_id`,`product_is_active`,`low_price`,`high_price`) VALUES (59,NULL,'TENEUR EN ALCOOL: 5% vol BIO ARTISANAL NON PASTEURISEE HOUBLONNAGE A FROID BRASSEUR INDEPENDANT BIO ARTISANAL NON PASTEURISEE HOUBLONNAGE A FROID BRASSEUR INDEPENDANT','images/products/59.jpg',24,'BIERE AUBRACIENNE BLONDE','FRANCE','Pièce',NULL,4,1,true,2.25,3.5);
INSERT INTO `afg_db`.`product`(`id`,`brand`,`description`,`image_url`,`moq`,`name`,`origin`,`quantity_unity`,`ref`,`product_type_id`,`supplier_id`,`product_is_active`,`low_price`,`high_price`) VALUES (60,NULL,'TENEUR EN ALCOOL: 5% vol BIO ARTISANNAL NON PASTEURISEE HOUBLONNAGE A FROID BRASSEUR INDEPENDANT BIO ARTISANNAL NON PASTEURISEE HOUBLONNAGE A FROID BRASSEUR INDEPENDANT','images/products/60.jpg',24,'BIERE AUBRACIENNE BRUNE','FRANCE','Pièce',NULL,4,1,true,2.25,3.5);
INSERT INTO `afg_db`.`product`(`id`,`brand`,`description`,`image_url`,`moq`,`name`,`origin`,`quantity_unity`,`ref`,`product_type_id`,`supplier_id`,`product_is_active`,`low_price`,`high_price`) VALUES (61,NULL,'TENEUR EN ALCOOL: 5% vol BIO ARTISANAL NON PASTEURISEE HOUBLONNAGE A FROID BRASSEUR INDEPENDANT BIO ARTISANAL NON PASTEURISEE HOUBLONNAGE A FROID BRASSEUR INDEPENDANT','images/products/61.jpg',24,'BIERE AUBRACIENNE BLANCHE','FRANCE','Pièce',NULL,4,1,true,2.25,3.5);
INSERT INTO `afg_db`.`product`(`id`,`brand`,`description`,`image_url`,`moq`,`name`,`origin`,`quantity_unity`,`ref`,`product_type_id`,`supplier_id`,`product_is_active`,`low_price`,`high_price`) VALUES (62,NULL,'TENEUR EN ALCOOL: 5% vol BIO ARTISANAL NON PASTEURISEE HOUBLONNAGE A FROID BRASSEUR INDEPENDANT BIO ARTISANAL NON PASTEURISEE HOUBLONNAGE A FROID BRASSEUR INDEPENDANT','images/products/62.jpg',24,'BIERE AUBRACIENNE ROUSSE','FRANCE','Pièce',NULL,4,1,true,2.25,3.5);
INSERT INTO `afg_db`.`product`(`id`,`brand`,`description`,`image_url`,`moq`,`name`,`origin`,`quantity_unity`,`ref`,`product_type_id`,`supplier_id`,`product_is_active`,`low_price`,`high_price`) VALUES (63,NULL,'TENEUR EN ALCOOL: 5% vol BIO ARTISANAL NON PASTEURISEE HOUBLONNAGE A FROID BRASSEUR INDEPENDANT BIO ARTISANAL NON PASTEURISEE HOUBLONNAGE A FROID BRASSEUR INDEPENDANT','images/products/63.jpg',24,'BIERE AUBRACIENNE IPA','FRANCE','Pièce',NULL,4,1,true,2.35,3.8);
INSERT INTO `afg_db`.`product`(`id`,`brand`,`description`,`image_url`,`moq`,`name`,`origin`,`quantity_unity`,`ref`,`product_type_id`,`supplier_id`,`product_is_active`,`low_price`,`high_price`) VALUES (64,NULL,'TENEUR EN ALCOOL: 40% vol SANS COLORANT SANS CONSERVATEUR SANS COLORANT SANS CONSERVATEUR','images/products/64.jpg',12,'ARMAGNAC DUC D''ARPAJON 3*','FRANCE','Pièce',NULL,4,1,true,15.45,45);
INSERT INTO `afg_db`.`product`(`id`,`brand`,`description`,`image_url`,`moq`,`name`,`origin`,`quantity_unity`,`ref`,`product_type_id`,`supplier_id`,`product_is_active`,`low_price`,`high_price`) VALUES (65,NULL,'Bouchon cire rouge TENEUR EN ALCOOL: 12% vol ARTISANAL SANS COLORANT SANS CONSERVATEUR AROMES NATURELS ROBE INTENSE - NEZ FRUITE - BOUCHE ACIDULEE ARTISANAL SANS COLORANT SANS CONSERVATEUR AROMES NATURELS ROBE INTENSE - NEZ FRUITE - BOUCHE ACIDULEE','images/products/65.jpg',12,'VIN TRANQUILLE CERISE GRIOTTE','FRANCE','Pièce',NULL,4,1,true,3.9,13);
INSERT INTO `afg_db`.`product`(`id`,`brand`,`description`,`image_url`,`moq`,`name`,`origin`,`quantity_unity`,`ref`,`product_type_id`,`supplier_id`,`product_is_active`,`low_price`,`high_price`) VALUES (66,NULL,'Bouchon cire rouge TENEUR EN ALCOOL: 11.5% vol ARTISANAL SANS COLORANT SANS CONSERVATEUR AROMES NATURELS NEZ NOTES DE CHATAIGNES GRILLEES - BOUCHE RONDE ET VANILLEE ARTISANAL SANS COLORANT SANS CONSERVATEUR AROMES NATURELS NEZ NOTES DE CHATAIGNES GRILLEES - BOUCHE RONDE ET VANILLEE','images/products/66.jpg',12,'VIN TRANQUILLE DE CHATAIGNE','FRANCE','Pièce',NULL,4,1,true,3.9,13);
INSERT INTO `afg_db`.`product`(`id`,`brand`,`description`,`image_url`,`moq`,`name`,`origin`,`quantity_unity`,`ref`,`product_type_id`,`supplier_id`,`product_is_active`,`low_price`,`high_price`) VALUES (67,NULL,'Bouchon cire rouge TENEUR EN ALCOOL: 11.5% vol ARTISANAL SANS COLORANT SANS CONSERVATEUR AROMES NATURELS NEZ NOTES DE NOIX VERTES - BOUCHE DOMINANTE DE VIN DE PORTO - ARTISANAL SANS COLORANT SANS CONSERVATEUR AROMES NATURELS NEZ NOTES DE NOIX VERTES - BOUCHE DOMINANTE DE VIN DE PORTO -','images/products/67.jpg',12,'VIN TRANQUILLE DE NOIX','FRANCE','Pièce',NULL,4,1,true,3.9,13);
INSERT INTO `afg_db`.`product`(`id`,`brand`,`description`,`image_url`,`moq`,`name`,`origin`,`quantity_unity`,`ref`,`product_type_id`,`supplier_id`,`product_is_active`,`low_price`,`high_price`) VALUES (68,NULL,'Bouchon cire rouge TENEUR EN ALCOOL: 11.5% vol ARTISANAL SANS COLORANT SANS CONSERVATEUR AROMES NATURELS NEZ NOTES D''AMANDES - BOUCHE EQUILIBREE ET ACIDULEE ARTISANAL SANS COLORANT SANS CONSERVATEUR AROMES NATURELS NEZ NOTES D''AMANDES - BOUCHE EQUILIBREE ET ACIDULEE','images/products/68.jpg',12,'VIN TRANQUILLE DE PECHE VIGNE','FRANCE','Pièce',NULL,4,1,true,3.9,13);
INSERT INTO `afg_db`.`product`(`id`,`brand`,`description`,`image_url`,`moq`,`name`,`origin`,`quantity_unity`,`ref`,`product_type_id`,`supplier_id`,`product_is_active`,`low_price`,`high_price`) VALUES (69,NULL,'40° Fabriquée en Aveyron Fabriquée en Aveyron','images/products/69.jpg',6,'VODKA AVEYRONNAISE LEGION','FRANCE','Pièce',NULL,4,1,true,24.1,45);
INSERT INTO `afg_db`.`product`(`id`,`brand`,`description`,`image_url`,`moq`,`name`,`origin`,`quantity_unity`,`ref`,`product_type_id`,`supplier_id`,`product_is_active`,`low_price`,`high_price`) VALUES (70,NULL,'43° PRODUIT BIOLOGIQUE Fabriqué en Aveyron PRODUIT BIOLOGIQUE Fabriqué en Aveyron','images/products/70.jpg',6,'GIN AVEYRONNAIS BIO FELICIA','FRANCE','Pièce',NULL,4,1,true,23.4,43);
INSERT INTO `afg_db`.`product`(`id`,`brand`,`description`,`image_url`,`moq`,`name`,`origin`,`quantity_unity`,`ref`,`product_type_id`,`supplier_id`,`product_is_active`,`low_price`,`high_price`) VALUES (71,NULL,'TENEUR EN ALCOOL: 14.5% vol AOC ROBE ROUGE NEZ PUISSANT NOTES DE FRUITS ROUGES. MURE. EPICES ET  BOUCHE LONGUE AROMES TRES MURS ET POINTE VANILLEE CEPAGES: SYRAH. GRENACHE NOIR. CARIGNAN SOLS SCHISTES ET CALCAIRE GARDE 7 A 10 ANS AOC ROBE ROUGE NEZ PUISSANT NOTES DE FRUITS ROUGES. MURE. EPICES ET  BOUCHE LONGUE AROMES TRES MURS ET POINTE VANILLEE CEPAGES: SYRAH. GRENACHE NOIR. CARIGNAN SOLS SCHISTES ET CALCAIRE GARDE 7 A 10 ANS','images/products/71.jpg',6,'VIN ROUGE CORBIERES POMPADOUR','FRANCE','Pièce',NULL,4,1,true,7.9,16);
INSERT INTO `afg_db`.`product`(`id`,`brand`,`description`,`image_url`,`moq`,`name`,`origin`,`quantity_unity`,`ref`,`product_type_id`,`supplier_id`,`product_is_active`,`low_price`,`high_price`) VALUES (72,NULL,'IGP CEVENNES IGP CEVENNES','images/products/72.jpg',6,'VIN ROSE CEVENNES DGT',NULL,'Pièce',NULL,4,1,true,3,13);
INSERT INTO `afg_db`.`product`(`id`,`brand`,`description`,`image_url`,`moq`,`name`,`origin`,`quantity_unity`,`ref`,`product_type_id`,`supplier_id`,`product_is_active`,`low_price`,`high_price`) VALUES (73,NULL,'TENEUR EN ALCOOL: 13.5% vol IGP COTES DE THAU VIN TRANQUILLE NEZ PUISSANT  BOUCHE AROMES DE FRUITS JAUNES ET VANILLE CEPAGES: CHARDONNAY ACCOMPAGNEMENT: POISSONS IGP COTES DE THAU VIN TRANQUILLE NEZ PUISSANT  BOUCHE AROMES DE FRUITS JAUNES ET VANILLE CEPAGES: CHARDONNAY ACCOMPAGNEMENT: POISSONS','images/products/73.jpg',6,'VIN BLANC CHARD BEAUVIGNAC','FRANCE','Pièce',NULL,4,1,true,4.7,14);
INSERT INTO `afg_db`.`product`(`id`,`brand`,`description`,`image_url`,`moq`,`name`,`origin`,`quantity_unity`,`ref`,`product_type_id`,`supplier_id`,`product_is_active`,`low_price`,`high_price`) VALUES (74,NULL,'TENEUR EN ALCOOL: 12.5% vol AOC VENDANGES MANUELLES ROBE POURPRE BOUCHE SOUPLE TRES TENDRE NEZ EXPRESSIF NOTES DE FRUITS NOIRS TOUCHE DE PIVOINE CEPAGES: FER SERVADOU  ACCOMPAGNEMENT: CHARCUTERIE GARDE 2 A 4 ANS AOC VENDANGES MANUELLES ROBE POURPRE BOUCHE SOUPLE TRES TENDRE NEZ EXPRESSIF NOTES DE FRUITS NOIRS TOUCHE DE PIVOINE CEPAGES: FER SERVADOU  ACCOMPAGNEMENT: CHARCUTERIE GARDE 2 A 4 ANS','images/products/74.jpg',6,'VIN ROUGE MARCILLAC TRADITION','FRANCE','Pièce',NULL,4,1,true,4.5,12);
INSERT INTO `afg_db`.`product`(`id`,`brand`,`description`,`image_url`,`moq`,`name`,`origin`,`quantity_unity`,`ref`,`product_type_id`,`supplier_id`,`product_is_active`,`low_price`,`high_price`) VALUES (75,NULL,'BOUCHE RONDE ET AMPLE AUX NOTES FLORALES ET FRUITEES  NEZ FIN AUX SENTEURS DE FRUITS EXOTIQUES FINAL HARMONIEUX ET RAFFINE TERROIR CALCAIRE CEPAGES SAUVIGNON BLANC ET ROUSSANNE BOUCHE RONDE ET AMPLE AUX NOTES FLORALES ET FRUITEES  NEZ FIN AUX SENTEURS DE FRUITS EXOTIQUES FINAL HARMONIEUX ET RAFFINE TERROIR CALCAIRE CEPAGES SAUVIGNON BLANC ET ROUSSANNE','images/products/75.jpg',6,'VIN BLANC CEVENNES DGT','FRANCE','Pièce',NULL,4,1,true,3.15,12);
INSERT INTO `afg_db`.`product`(`id`,`brand`,`description`,`image_url`,`moq`,`name`,`origin`,`quantity_unity`,`ref`,`product_type_id`,`supplier_id`,`product_is_active`,`low_price`,`high_price`) VALUES (76,NULL,NULL,'images/products/76.jpg',1,'VIN ROSE DU LOT ROQUES CANA',NULL,'Pièce',NULL,4,1,true,4.02,13);
INSERT INTO `afg_db`.`product`(`id`,`brand`,`description`,`image_url`,`moq`,`name`,`origin`,`quantity_unity`,`ref`,`product_type_id`,`supplier_id`,`product_is_active`,`low_price`,`high_price`) VALUES (77,NULL,'TENEUR EN ALCOOL: 13% vol AOC VENDANGES MANUELLES NEZ GOURMAND ROBE ROSE SAUMON BOUCHE NOTES DE FRUITS ROUGES ET EPICES EN NOTES LEGERES CEPAGE 100% FER SERVADOU ACCOMPAGNEMENT: APERITIF ET GRILLADES GARDE 1 A 2 ANS AOC VENDANGES MANUELLES NEZ GOURMAND ROBE ROSE SAUMON BOUCHE NOTES DE FRUITS ROUGES ET EPICES EN NOTES LEGERES CEPAGE 100% FER SERVADOU ACCOMPAGNEMENT: APERITIF ET GRILLADES GARDE 1 A 2 ANS','images/products/77.jpg',6,'VIN ROSE MARCILLAC','FRANCE','Pièce',NULL,4,1,true,4.96,12);
INSERT INTO `afg_db`.`product`(`id`,`brand`,`description`,`image_url`,`moq`,`name`,`origin`,`quantity_unity`,`ref`,`product_type_id`,`supplier_id`,`product_is_active`,`low_price`,`high_price`) VALUES (78,NULL,'TENEUR EN ALCOOL: 13.5% vol CEPAGES GRENACHE BLANC ROBE JAUNE PALE ET BRILLANTE NEZ FRAIS ET AROMATIQUES NOTES D''AGRUMES. DE GUARRIGUE ET DE BOIS BOUCHE GENEREUSE SUAVE ET ANISEE ORIGINE OCCITANIE CEPAGES GRENACHE BLANC ROBE JAUNE PALE ET BRILLANTE NEZ FRAIS ET AROMATIQUES NOTES D''AGRUMES. DE GUARRIGUE ET DE BOIS BOUCHE GENEREUSE SUAVE ET ANISEE ORIGINE OCCITANIE','images/products/78.jpg',6,'VIN BLANC ST GUILHEM LOUP','FRANCE','Pièce',NULL,4,1,true,3.9,11);
INSERT INTO `afg_db`.`product`(`id`,`brand`,`description`,`image_url`,`moq`,`name`,`origin`,`quantity_unity`,`ref`,`product_type_id`,`supplier_id`,`product_is_active`,`low_price`,`high_price`) VALUES (79,NULL,'Teneur en alcool: 12% vol CEPAGES : SAUVIGNON BLANC VIN BLANC SEC ET FRUITE  NEZ : NOTES DE CASSIS EVOLUANT SUR DES NOTES PLUS FLORALES BOUCHE: AROME DE FRUITS A CHAIR BLANCHE IGP PERIGORD CEPAGES : SAUVIGNON BLANC VIN BLANC SEC ET FRUITE  NEZ : NOTES DE CASSIS EVOLUANT SUR DES NOTES PLUS FLORALES BOUCHE: AROME DE FRUITS A CHAIR BLANCHE IGP PERIGORD','images/products/79.jpg',6,'VIN BLANC MOELLEUX OIE PERIG','PERIGORD','Pièce',NULL,4,1,true,4.6,14);
INSERT INTO `afg_db`.`product`(`id`,`brand`,`description`,`image_url`,`moq`,`name`,`origin`,`quantity_unity`,`ref`,`product_type_id`,`supplier_id`,`product_is_active`,`low_price`,`high_price`) VALUES (80,NULL,'TENEUR EN ALCOOL : 12.5% vol IGP PERIGORD CEPAGES : 100% SAUVIGNON VIN BLANC SEC ET FRUITE NEZ: BOURGEONS DE CASSIS ET FRUITS EXOTIQUES BOUCHE : ACIDE ET FRAICHE DOMINEE PAR LES FRUITS EXOTIQUES IGP PERIGORD CEPAGES : 100% SAUVIGNON VIN BLANC SEC ET FRUITE NEZ: BOURGEONS DE CASSIS ET FRUITS EXOTIQUES BOUCHE : ACIDE ET FRAICHE DOMINEE PAR LES FRUITS EXOTIQUES','images/products/80.jpg',6,'VIN BLANC MOELLEUX CERF NOIR','PERIGORD','Pièce',NULL,4,1,true,4.6,15);
INSERT INTO `afg_db`.`product`(`id`,`brand`,`description`,`image_url`,`moq`,`name`,`origin`,`quantity_unity`,`ref`,`product_type_id`,`supplier_id`,`product_is_active`,`low_price`,`high_price`) VALUES (81,NULL,'TENEUR EN ALCOOL : % vol','images/products/81.jpg',6,'VIN ROUGE CERF NOIR MERLOT','PERIGORD','Pièce',NULL,4,1,true,4.2,13);
INSERT INTO `afg_db`.`product`(`id`,`brand`,`description`,`image_url`,`moq`,`name`,`origin`,`quantity_unity`,`ref`,`product_type_id`,`supplier_id`,`product_is_active`,`low_price`,`high_price`) VALUES (82,NULL,'TENEUR EN ALCOOL : % vol CEPAGES: MERLOT NEZ INTENSE ET SOYEUX AROMES FRUITS NOIRS TORREFIES BOUCHE PLEINE CHARNUE ET FRUITEE MEDAILLE D''ARGENT AU CONCOURS DES VINS DU SUD-OUEST 2014 CEPAGES: MERLOT NEZ INTENSE ET SOYEUX AROMES FRUITS NOIRS TORREFIES BOUCHE PLEINE CHARNUE ET FRUITEE MEDAILLE D''ARGENT AU CONCOURS DES VINS DU SUD-OUEST 2014','images/products/82.jpg',6,'VIN ROUGE PERIGORD HAUT PAIS','PERIGORD','Pièce',NULL,4,1,true,3.7,12);
INSERT INTO `afg_db`.`product`(`id`,`brand`,`description`,`image_url`,`moq`,`name`,`origin`,`quantity_unity`,`ref`,`product_type_id`,`supplier_id`,`product_is_active`,`low_price`,`high_price`) VALUES (83,NULL,'IGP CEVENNES IGP CEVENNES','images/products/83.jpg',5,'BIB IGP ROSE CEVENNES LGT 5L','FRANCE','Pièce',NULL,4,1,true,9.5,24);
INSERT INTO `afg_db`.`product`(`id`,`brand`,`description`,`image_url`,`moq`,`name`,`origin`,`quantity_unity`,`ref`,`product_type_id`,`supplier_id`,`product_is_active`,`low_price`,`high_price`) VALUES (84,NULL,'AOC Terrasses du Larzac AOC Terrasses du Larzac','images/products/84.jpg',6,'VIN ROUGE TER LARZAC ALOUETTES',NULL,'Pièce',NULL,4,1,true,3.9,17);
INSERT INTO `afg_db`.`product`(`id`,`brand`,`description`,`image_url`,`moq`,`name`,`origin`,`quantity_unity`,`ref`,`product_type_id`,`supplier_id`,`product_is_active`,`low_price`,`high_price`) VALUES (85,NULL,'Cabernet franc AOC BORDEAUX AOC BORDEAUX','images/products/85.jpg',6,'VIN ROSE BORDEAUX BORDERELLE',NULL,'Pièce',NULL,4,1,true,2.9,12);
INSERT INTO `afg_db`.`product`(`id`,`brand`,`description`,`image_url`,`moq`,`name`,`origin`,`quantity_unity`,`ref`,`product_type_id`,`supplier_id`,`product_is_active`,`low_price`,`high_price`) VALUES (86,NULL,'Syrah. Grenache. Mourvèdre. Carignan AOP ST CHINIAN AOP ST CHINIAN','images/products/86.jpg',6,'VIN ROSE BERGERIE DE ST MARTIN',NULL,'Pièce',NULL,4,1,true,2.85,12);
INSERT INTO `afg_db`.`product`(`id`,`brand`,`description`,`image_url`,`moq`,`name`,`origin`,`quantity_unity`,`ref`,`product_type_id`,`supplier_id`,`product_is_active`,`low_price`,`high_price`) VALUES (87,NULL,'Sauvignon  HVE Haute Valeur Environnementale IGP Pays d''Oc HVE Haute Valeur Environnementale IGP Pays d''Oc','images/products/87.jpg',6,'VIN BLANC VENDANGES AUGUSTIN',NULL,'Pièce',NULL,4,1,true,2.65,12);
INSERT INTO `afg_db`.`product`(`id`,`brand`,`description`,`image_url`,`moq`,`name`,`origin`,`quantity_unity`,`ref`,`product_type_id`,`supplier_id`,`product_is_active`,`low_price`,`high_price`) VALUES (88,NULL,'MERLOT HVE IGP PAYS D''OC HVE IGP PAYS D''OC','images/products/88.jpg',6,'VIN ROUGE VENDANGES AUGUSTIN',NULL,'Pièce',NULL,4,1,true,2.85,14);
INSERT INTO `afg_db`.`product`(`id`,`brand`,`description`,`image_url`,`moq`,`name`,`origin`,`quantity_unity`,`ref`,`product_type_id`,`supplier_id`,`product_is_active`,`low_price`,`high_price`) VALUES (89,NULL,'AOP LANGUEDOC AOP LANGUEDOC','images/products/89.jpg',6,'VIN ROSE LANGUEDOC JOGAR',NULL,'Pièce',NULL,4,1,true,3.85,13);
INSERT INTO `afg_db`.`product`(`id`,`brand`,`description`,`image_url`,`moq`,`name`,`origin`,`quantity_unity`,`ref`,`product_type_id`,`supplier_id`,`product_is_active`,`low_price`,`high_price`) VALUES (90,NULL,'AOC BERGERAC AOC BERGERAC','images/products/90.jpg',6,'VIN ROUGE BERGERAC SS SULFITES','FRANCE','Pièce',NULL,4,1,true,3.95,14);
INSERT INTO `afg_db`.`product`(`id`,`brand`,`description`,`image_url`,`moq`,`name`,`origin`,`quantity_unity`,`ref`,`product_type_id`,`supplier_id`,`product_is_active`,`low_price`,`high_price`) VALUES (91,NULL,'IGP PERIGORD IGP PERIGORD','images/products/91.jpg',6,'VIN BLANC MOELLEUX PER SENS',NULL,'Pièce',NULL,4,1,true,3.85,14);
INSERT INTO `afg_db`.`product`(`id`,`brand`,`description`,`image_url`,`moq`,`name`,`origin`,`quantity_unity`,`ref`,`product_type_id`,`supplier_id`,`product_is_active`,`low_price`,`high_price`) VALUES (92,NULL,'AOC BERGERAC AOC BERGERAC','images/products/92.jpg',6,'VIN ROSE BERGERAC NOVELUM','FRANCE','Pièce',NULL,4,1,true,3.95,14);
INSERT INTO `afg_db`.`product`(`id`,`brand`,`description`,`image_url`,`moq`,`name`,`origin`,`quantity_unity`,`ref`,`product_type_id`,`supplier_id`,`product_is_active`,`low_price`,`high_price`) VALUES (93,NULL,'Sauvignon Blanc IGP PERIGORD IGP PERIGORD','images/products/93.jpg',1,'VIN BLANC OIE DU PERIGORD SAUV','FRANCE','Pièce',NULL,4,1,true,3.8,12);
INSERT INTO `afg_db`.`product`(`id`,`brand`,`description`,`image_url`,`moq`,`name`,`origin`,`quantity_unity`,`ref`,`product_type_id`,`supplier_id`,`product_is_active`,`low_price`,`high_price`) VALUES (94,NULL,'IGP AVEYRON IGP AVEYRON','images/products/94.jpg',6,'VIN ROUGE GD VIGNES AVEYRON','FRANCE','Pièce',NULL,4,1,true,3.9,13);
INSERT INTO `afg_db`.`product`(`id`,`brand`,`description`,`image_url`,`moq`,`name`,`origin`,`quantity_unity`,`ref`,`product_type_id`,`supplier_id`,`product_is_active`,`low_price`,`high_price`) VALUES (95,NULL,'IGP AVEYRON IGP AVEYRON','images/products/95.jpg',6,'VIN ROSE GD VIGNES AVEYRON','FRANCE','Pièce',NULL,4,1,true,3.9,12);
INSERT INTO `afg_db`.`product`(`id`,`brand`,`description`,`image_url`,`moq`,`name`,`origin`,`quantity_unity`,`ref`,`product_type_id`,`supplier_id`,`product_is_active`,`low_price`,`high_price`) VALUES (96,NULL,NULL,'images/products/96.jpg',24,'CANETTE COCA-COLA 33CL',NULL,'Pièce',NULL,5,1,true,0.81,1.5);
INSERT INTO `afg_db`.`product`(`id`,`brand`,`description`,`image_url`,`moq`,`name`,`origin`,`quantity_unity`,`ref`,`product_type_id`,`supplier_id`,`product_is_active`,`low_price`,`high_price`) VALUES (97,NULL,NULL,'images/products/97.jpg',24,'CANETTE COCA-COLA ZERO 33CL',NULL,'Pièce',NULL,5,1,true,0.81,1.5);
INSERT INTO `afg_db`.`product`(`id`,`brand`,`description`,`image_url`,`moq`,`name`,`origin`,`quantity_unity`,`ref`,`product_type_id`,`supplier_id`,`product_is_active`,`low_price`,`high_price`) VALUES (98,NULL,NULL,'images/products/98.jpg',24,'CANETTE ICE TEA 33CL',NULL,'Pièce',NULL,5,1,true,0.81,1.5);
INSERT INTO `afg_db`.`product`(`id`,`brand`,`description`,`image_url`,`moq`,`name`,`origin`,`quantity_unity`,`ref`,`product_type_id`,`supplier_id`,`product_is_active`,`low_price`,`high_price`) VALUES (99,NULL,NULL,'images/products/99.jpg',1,'EAU DE SOURCE 1L5',NULL,'Pièce',NULL,5,1,true,0.45,1.5);
INSERT INTO `afg_db`.`product`(`id`,`brand`,`description`,`image_url`,`moq`,`name`,`origin`,`quantity_unity`,`ref`,`product_type_id`,`supplier_id`,`product_is_active`,`low_price`,`high_price`) VALUES (100,NULL,NULL,'images/products/100.jpg',1,'EAU DE SOURCE 50 CL',NULL,'Pièce',NULL,5,1,true,0.29,1.5);
INSERT INTO `afg_db`.`product`(`id`,`brand`,`description`,`image_url`,`moq`,`name`,`origin`,`quantity_unity`,`ref`,`product_type_id`,`supplier_id`,`product_is_active`,`low_price`,`high_price`) VALUES (101,NULL,NULL,'images/products/101.jpg',1,'EAU DE SOURCE GAZ 50CL',NULL,'Pièce',NULL,5,1,true,0.5,1.5);
INSERT INTO `afg_db`.`product`(`id`,`brand`,`description`,`image_url`,`moq`,`name`,`origin`,`quantity_unity`,`ref`,`product_type_id`,`supplier_id`,`product_is_active`,`low_price`,`high_price`) VALUES (102,NULL,'Fabriqué en Aveyron','images/products/102.jpg',6,'PUR JUS DE POMME 1L','FRANCE','Pièce',NULL,5,1,true,3.15,6);
INSERT INTO `afg_db`.`product`(`id`,`brand`,`description`,`image_url`,`moq`,`name`,`origin`,`quantity_unity`,`ref`,`product_type_id`,`supplier_id`,`product_is_active`,`low_price`,`high_price`) VALUES (103,NULL,'Fabriqué en Aveyron','images/products/103.jpg',6,'NECTAR DE POIRE 1L','FRANCE','Pièce',NULL,5,1,true,3.15,6);
INSERT INTO `afg_db`.`product`(`id`,`brand`,`description`,`image_url`,`moq`,`name`,`origin`,`quantity_unity`,`ref`,`product_type_id`,`supplier_id`,`product_is_active`,`low_price`,`high_price`) VALUES (104,NULL,'Fabriquée en Aveyron','images/products/104.jpg',6,'LIMONADE ARTISANALE 1L','FRANCE','Pièce',NULL,5,1,true,3.5,6);
INSERT INTO `afg_db`.`product`(`id`,`brand`,`description`,`image_url`,`moq`,`name`,`origin`,`quantity_unity`,`ref`,`product_type_id`,`supplier_id`,`product_is_active`,`low_price`,`high_price`) VALUES (105,NULL,'Cassoulet tradition au confit de canard et saucisse de Toulouse grillées 1 part VIANDE ORIGINE FRANCE "FABRIQUE EN AVEYRON" SANS CONSERVATEUR SANS COLORANT VIANDE ORIGINE FRANCE "FABRIQUE EN AVEYRON" SANS CONSERVATEUR SANS COLORANT','images/products/105.jpg',6,'GARIBOTES CASSOULET TRADITION','FRANCE','Pièce',NULL,6,1,true,4.32,8);
INSERT INTO `afg_db`.`product`(`id`,`brand`,`description`,`image_url`,`moq`,`name`,`origin`,`quantity_unity`,`ref`,`product_type_id`,`supplier_id`,`product_is_active`,`low_price`,`high_price`) VALUES (106,NULL,'Daube de boeuf d''Aubrac 47% au vin de Cahors VIANDE ORIGINE FRANCE "FABRIQUE EN AVEYRON" SANS CONSERVATEUR SANS COLORANT VIANDE ORIGINE FRANCE "FABRIQUE EN AVEYRON" SANS CONSERVATEUR SANS COLORANT','images/products/106.jpg',6,'GARIBOTES DAUBE DE BOEUF','FRANCE','Pièce',NULL,6,1,true,5.83,8);
INSERT INTO `afg_db`.`product`(`id`,`brand`,`description`,`image_url`,`moq`,`name`,`origin`,`quantity_unity`,`ref`,`product_type_id`,`supplier_id`,`product_is_active`,`low_price`,`high_price`) VALUES (107,NULL,'Estouffade de jambonneau 30% aux lentilles 1 part VIANDE ORIGINE FRANCE "FABRIQUE EN AVEYRON" SANS CONSERVATEUR SANS COLORANT VIANDE ORIGINE FRANCE "FABRIQUE EN AVEYRON" SANS CONSERVATEUR SANS COLORANT','images/products/107.jpg',6,'GARIBOTES JAMBONNEAU','FRANCE','Pièce',NULL,6,1,true,4.08,8);
INSERT INTO `afg_db`.`product`(`id`,`brand`,`description`,`image_url`,`moq`,`name`,`origin`,`quantity_unity`,`ref`,`product_type_id`,`supplier_id`,`product_is_active`,`low_price`,`high_price`) VALUES (108,NULL,'Mitonné de canard 25% braisé aux haricots 1 part VIANDE ORIGINE FRANCE "FABRIQUE EN AVEYRON" SANS CONSERVATEUR SANS COLORANT VIANDE ORIGINE FRANCE "FABRIQUE EN AVEYRON" SANS CONSERVATEUR SANS COLORANT','images/products/108.jpg',6,'GARIBOTES MITONNE CANARD','FRANCE','Pièce',NULL,6,1,true,4.32,8);
INSERT INTO `afg_db`.`product`(`id`,`brand`,`description`,`image_url`,`moq`,`name`,`origin`,`quantity_unity`,`ref`,`product_type_id`,`supplier_id`,`product_is_active`,`low_price`,`high_price`) VALUES (109,NULL,'Jambonneau 30% 1 part VIANDE ORIGINE FRANCE "FABRIQUE EN AVEYRON" SANS CONSERVATEUR SANS COLORANT VIANDE ORIGINE FRANCE "FABRIQUE EN AVEYRON" SANS CONSERVATEUR SANS COLORANT','images/products/109.jpg',6,'GARIBOTES POTEE CHOU','FRANCE','Pièce',NULL,6,1,true,4,8);
INSERT INTO `afg_db`.`product`(`id`,`brand`,`description`,`image_url`,`moq`,`name`,`origin`,`quantity_unity`,`ref`,`product_type_id`,`supplier_id`,`product_is_active`,`low_price`,`high_price`) VALUES (110,NULL,'Canard 20% VPF VIANDE DE CANARD ORIGINE FRANCE VPF VIANDE DE CANARD ORIGINE FRANCE','images/products/110.jpg',24,'TERRINE CANARD 180G','FRANCE','Pièce',NULL,6,1,true,1.29,5);
INSERT INTO `afg_db`.`product`(`id`,`brand`,`description`,`image_url`,`moq`,`name`,`origin`,`quantity_unity`,`ref`,`product_type_id`,`supplier_id`,`product_is_active`,`low_price`,`high_price`) VALUES (111,NULL,'Chevreuil 20% + Cèpes 2% VPF VPF','images/products/111.jpg',24,'TERRINE CHEVREUIL 180 G','FRANCE','Pièce',NULL,6,1,true,1.29,5);
INSERT INTO `afg_db`.`product`(`id`,`brand`,`description`,`image_url`,`moq`,`name`,`origin`,`quantity_unity`,`ref`,`product_type_id`,`supplier_id`,`product_is_active`,`low_price`,`high_price`) VALUES (112,NULL,'VPF VPF','images/products/112.jpg',24,'TERRINE A L''ANCIENNE 180G','FRANCE','Pièce',NULL,6,1,true,1.29,5);
INSERT INTO `afg_db`.`product`(`id`,`brand`,`description`,`image_url`,`moq`,`name`,`origin`,`quantity_unity`,`ref`,`product_type_id`,`supplier_id`,`product_is_active`,`low_price`,`high_price`) VALUES (113,NULL,'Oie 20% - Châtaigne 3% VPF VPF','images/products/113.jpg',24,'TERRINE OIE 180G','FRANCE','Pièce',NULL,6,1,true,1.29,5);
INSERT INTO `afg_db`.`product`(`id`,`brand`,`description`,`image_url`,`moq`,`name`,`origin`,`quantity_unity`,`ref`,`product_type_id`,`supplier_id`,`product_is_active`,`low_price`,`high_price`) VALUES (114,NULL,'Cerf 20% + Armagnac 1% VPF VPF','images/products/114.jpg',24,'TERRINE CERF 180G','FRANCE','Pièce',NULL,6,1,true,1.29,5);
INSERT INTO `afg_db`.`product`(`id`,`brand`,`description`,`image_url`,`moq`,`name`,`origin`,`quantity_unity`,`ref`,`product_type_id`,`supplier_id`,`product_is_active`,`low_price`,`high_price`) VALUES (115,NULL,'VPF VPF','images/products/115.jpg',24,'TERRINE SANGLIER 180G','FRANCE','Pièce',NULL,6,1,true,1.29,5);
INSERT INTO `afg_db`.`product`(`id`,`brand`,`description`,`image_url`,`moq`,`name`,`origin`,`quantity_unity`,`ref`,`product_type_id`,`supplier_id`,`product_is_active`,`low_price`,`high_price`) VALUES (116,NULL,'Lièvre 20% - Romarin 0.5% VPF VPF','images/products/116.jpg',24,'TERRINE LIEVRE 180G','FRANCE','Pièce',NULL,6,1,true,1.29,5);
INSERT INTO `afg_db`.`product`(`id`,`brand`,`description`,`image_url`,`moq`,`name`,`origin`,`quantity_unity`,`ref`,`product_type_id`,`supplier_id`,`product_is_active`,`low_price`,`high_price`) VALUES (117,NULL,'AGRICULTURE RAISONNEE CANARD ELEVE EN PLEIN AIR AGRICULTURE RAISONNEE CANARD ELEVE EN PLEIN AIR','images/products/117.jpg',14,'FG MI-CUIT ENTIER 0.270 JURANC','FRANCE','Pièce',NULL,6,1,true,16.26,28);
INSERT INTO `afg_db`.`product`(`id`,`brand`,`description`,`image_url`,`moq`,`name`,`origin`,`quantity_unity`,`ref`,`product_type_id`,`supplier_id`,`product_is_active`,`low_price`,`high_price`) VALUES (118,NULL,'AGRICULTURE RAISONNEE CANARD ELEVE EN PLEIN AIR AGRICULTURE RAISONNEE CANARD ELEVE EN PLEIN AIR','images/products/118.jpg',14,'FG MI-CUIT ENTIER 0.270 BANYUL','FRANCE','Pièce',NULL,6,1,true,16.26,28);
INSERT INTO `afg_db`.`product`(`id`,`brand`,`description`,`image_url`,`moq`,`name`,`origin`,`quantity_unity`,`ref`,`product_type_id`,`supplier_id`,`product_is_active`,`low_price`,`high_price`) VALUES (119,NULL,'AGRICULTURE RAISONNEE CANARD ELEVE EN PLEIN AIR AGRICULTURE RAISONNEE CANARD ELEVE EN PLEIN AIR','images/products/119.jpg',14,'FG MI-CUIT ENTIER 0.270 PIMENT','FRANCE','Pièce',NULL,6,1,true,16.26,28);
INSERT INTO `afg_db`.`product`(`id`,`brand`,`description`,`image_url`,`moq`,`name`,`origin`,`quantity_unity`,`ref`,`product_type_id`,`supplier_id`,`product_is_active`,`low_price`,`high_price`) VALUES (120,NULL,'AGRICULTURE RAISONNEE CANARD ELEVE EN PLEIN AIR AGRICULTURE RAISONNEE CANARD ELEVE EN PLEIN AIR','images/products/120.jpg',14,'FG MI-CUIT ENTIER 0.270 NATURE','FRANCE','Pièce',NULL,6,1,true,16.26,28);
INSERT INTO `afg_db`.`product`(`id`,`brand`,`description`,`image_url`,`moq`,`name`,`origin`,`quantity_unity`,`ref`,`product_type_id`,`supplier_id`,`product_is_active`,`low_price`,`high_price`) VALUES (121,NULL,'AGRICULTURE RAISONNEE CANARD ELEVE EN PLEIN AIR AGRICULTURE RAISONNEE CANARD ELEVE EN PLEIN AIR','images/products/121.jpg',14,'FG MI-CUIT ENTIER 0.270 FIGUES','FRANCE','Pièce',NULL,6,1,true,16.26,28);
INSERT INTO `afg_db`.`product`(`id`,`brand`,`description`,`image_url`,`moq`,`name`,`origin`,`quantity_unity`,`ref`,`product_type_id`,`supplier_id`,`product_is_active`,`low_price`,`high_price`) VALUES (122,NULL,'AGRICULTURE RAISONNEE CANARD ELEVE EN PLEIN AIR AGRICULTURE RAISONNEE CANARD ELEVE EN PLEIN AIR','images/products/122.jpg',14,'FG MI-CUIT ENTIER 0.270 FDS','FRANCE','Pièce',NULL,6,1,true,16.26,28);
INSERT INTO `afg_db`.`product`(`id`,`brand`,`description`,`image_url`,`moq`,`name`,`origin`,`quantity_unity`,`ref`,`product_type_id`,`supplier_id`,`product_is_active`,`low_price`,`high_price`) VALUES (123,NULL,'AGRICULTURE RAISONNEE CANARD ELEVE EN PLEIN AIR AGRICULTURE RAISONNEE CANARD ELEVE EN PLEIN AIR','images/products/123.jpg',14,'FG MI-CUIT ENTIER 0.270 POIVRE','FRANCE','Pièce',NULL,6,1,true,16.26,28);
INSERT INTO `afg_db`.`product`(`id`,`brand`,`description`,`image_url`,`moq`,`name`,`origin`,`quantity_unity`,`ref`,`product_type_id`,`supplier_id`,`product_is_active`,`low_price`,`high_price`) VALUES (124,NULL,'Fabriqué en Aveyron Fabriqué en Aveyron','images/products/124.jpg',12,'RATATOUILLE A LA PROVENCALE','FRANCE','Pièce',NULL,6,1,true,4.55,7);
INSERT INTO `afg_db`.`product`(`id`,`brand`,`description`,`image_url`,`moq`,`name`,`origin`,`quantity_unity`,`ref`,`product_type_id`,`supplier_id`,`product_is_active`,`low_price`,`high_price`) VALUES (125,NULL,'Fabriqué en Aveyron Fabriqué en Aveyron','images/products/125.jpg',12,'COURGETTES A LA PROVENCALE','FRANCE','Pièce',NULL,6,1,true,4.55,7);
INSERT INTO `afg_db`.`product`(`id`,`brand`,`description`,`image_url`,`moq`,`name`,`origin`,`quantity_unity`,`ref`,`product_type_id`,`supplier_id`,`product_is_active`,`low_price`,`high_price`) VALUES (126,NULL,'Fabriqué en Aveyron Fabriqué en Aveyron','images/products/126.jpg',6,'GAZPACHO 72CL','FRANCE','Pièce',NULL,6,1,true,3.7,6);
INSERT INTO `afg_db`.`product`(`id`,`brand`,`description`,`image_url`,`moq`,`name`,`origin`,`quantity_unity`,`ref`,`product_type_id`,`supplier_id`,`product_is_active`,`low_price`,`high_price`) VALUES (127,NULL,NULL,'images/products/127.jpg',4,'CAVIAR D''OLIVES AU KG',NULL,'Kg',NULL,6,1,true,8.5,45);
INSERT INTO `afg_db`.`product`(`id`,`brand`,`description`,`image_url`,`moq`,`name`,`origin`,`quantity_unity`,`ref`,`product_type_id`,`supplier_id`,`product_is_active`,`low_price`,`high_price`) VALUES (128,NULL,NULL,'images/products/128.jpg',4,'TOMATES A LA PROVENCALE AU KG',NULL,'Kg',NULL,6,1,true,10.5,45);
INSERT INTO `afg_db`.`product`(`id`,`brand`,`description`,`image_url`,`moq`,`name`,`origin`,`quantity_unity`,`ref`,`product_type_id`,`supplier_id`,`product_is_active`,`low_price`,`high_price`) VALUES (129,NULL,NULL,'images/products/129.jpg',4,'AUBERGINETTE AU KG',NULL,'Kg',NULL,6,1,true,9.5,45);
INSERT INTO `afg_db`.`product`(`id`,`brand`,`description`,`image_url`,`moq`,`name`,`origin`,`quantity_unity`,`ref`,`product_type_id`,`supplier_id`,`product_is_active`,`low_price`,`high_price`) VALUES (130,NULL,NULL,'images/products/130.jpg',4,'CREME D''AIL AU KG',NULL,'Kg',NULL,6,1,true,10.4,45);
INSERT INTO `afg_db`.`product`(`id`,`brand`,`description`,`image_url`,`moq`,`name`,`origin`,`quantity_unity`,`ref`,`product_type_id`,`supplier_id`,`product_is_active`,`low_price`,`high_price`) VALUES (131,NULL,NULL,'images/products/131.jpg',4,'PUREE DE TOMATES AU KG',NULL,'Kg',NULL,6,1,true,9.2,45);
INSERT INTO `afg_db`.`product`(`id`,`brand`,`description`,`image_url`,`moq`,`name`,`origin`,`quantity_unity`,`ref`,`product_type_id`,`supplier_id`,`product_is_active`,`low_price`,`high_price`) VALUES (132,NULL,'55g de fruits pour 100g Cuit au chaudron de cuivre à l''air libre Sans colorant Sans conservateur Au sucre de canne Eco emballage Cuit au chaudron de cuivre à l''air libre Sans colorant Sans conservateur Au sucre de canne Eco emballage','images/products/132.jpg',6,'CONFITURE DE CERISE NOIRE','France','Pièce',NULL,6,1,true,2.4,4);
INSERT INTO `afg_db`.`product`(`id`,`brand`,`description`,`image_url`,`moq`,`name`,`origin`,`quantity_unity`,`ref`,`product_type_id`,`supplier_id`,`product_is_active`,`low_price`,`high_price`) VALUES (133,NULL,'55g de fruits pour 100g CUIT AU CHAUDRON DE CUIVRE A L''AIR LIBRE SANS COLORANT SANS CONSERVATEUR AU SUCRE DE CANNE  ECO EMBALLAGE CUIT AU CHAUDRON DE CUIVRE A L''AIR LIBRE SANS COLORANT SANS CONSERVATEUR AU SUCRE DE CANNE  ECO EMBALLAGE','images/products/133.jpg',6,'CONFITURE DE MURE SAUVAGE','FRANCE','Pièce',NULL,6,1,true,2.4,4);
INSERT INTO `afg_db`.`product`(`id`,`brand`,`description`,`image_url`,`moq`,`name`,`origin`,`quantity_unity`,`ref`,`product_type_id`,`supplier_id`,`product_is_active`,`low_price`,`high_price`) VALUES (134,NULL,'55g de fruits pour 100g CUIT AU CHAUDRON DE CUIVRE A L''AIR LIBRE SANS COLORANT SANS CONSERVATEUR AU SUCRE DE CANNE ECO EMBALLAGE CUIT AU CHAUDRON DE CUIVRE A L''AIR LIBRE SANS COLORANT SANS CONSERVATEUR AU SUCRE DE CANNE ECO EMBALLAGE','images/products/134.jpg',6,'CONFITURE DE POIRE CANNELLE','FRANCE','Pièce',NULL,6,1,true,2.4,4);
INSERT INTO `afg_db`.`product`(`id`,`brand`,`description`,`image_url`,`moq`,`name`,`origin`,`quantity_unity`,`ref`,`product_type_id`,`supplier_id`,`product_is_active`,`low_price`,`high_price`) VALUES (135,NULL,'55g de fruits pour 100g CUIT AU CHAUDRON DE CUIVRE A L''AIR LIBRE SANS COLORANT SANS CONSERVATEUR  AU SUCRE DE CANNE ECO EMBALLAGE CUIT AU CHAUDRON DE CUIVRE A L''AIR LIBRE SANS COLORANT SANS CONSERVATEUR  AU SUCRE DE CANNE ECO EMBALLAGE','images/products/135.jpg',6,'CONFITURE D''ABRICOT','FRANCE','Pièce',NULL,6,1,true,2.4,4);
INSERT INTO `afg_db`.`product`(`id`,`brand`,`description`,`image_url`,`moq`,`name`,`origin`,`quantity_unity`,`ref`,`product_type_id`,`supplier_id`,`product_is_active`,`low_price`,`high_price`) VALUES (136,NULL,'55g de fruits pour 100g CUIT AU CHAUDRON DE CUIVRE A L''AIR LIBRE SANS COLORANT SANS CONSERVATEUR AU SUCRE DE CANNE ECO EMBALLAGE CUIT AU CHAUDRON DE CUIVRE A L''AIR LIBRE SANS COLORANT SANS CONSERVATEUR AU SUCRE DE CANNE ECO EMBALLAGE','images/products/136.jpg',6,'CONFITURE DE FRAISE','FRANCE','Pièce',NULL,6,1,true,2.4,4);
INSERT INTO `afg_db`.`product`(`id`,`brand`,`description`,`image_url`,`moq`,`name`,`origin`,`quantity_unity`,`ref`,`product_type_id`,`supplier_id`,`product_is_active`,`low_price`,`high_price`) VALUES (137,NULL,'55g de fruits pour 100g CUIT AU CHAUDRON DE CUIVRE A L''AIR LIBRE SANS COLORANT SANS CONSERVATEUR AU SUCRE DE CANNE ECO EMBALLAGE CUIT AU CHAUDRON DE CUIVRE A L''AIR LIBRE SANS COLORANT SANS CONSERVATEUR AU SUCRE DE CANNE ECO EMBALLAGE','images/products/137.jpg',6,'CONFITURE DE FIGUE','FRANCE','Pièce',NULL,6,1,true,2.4,4);
INSERT INTO `afg_db`.`product`(`id`,`brand`,`description`,`image_url`,`moq`,`name`,`origin`,`quantity_unity`,`ref`,`product_type_id`,`supplier_id`,`product_is_active`,`low_price`,`high_price`) VALUES (138,NULL,'55g de fruits pour 100g CUIT AU CHAUDRON DE CUIVRE A L''AIR LIBRE SANS COLORANT SANS CONSERVATEUR AU SUCRE DE CANNE ECO EMBALLAGE CUIT AU CHAUDRON DE CUIVRE A L''AIR LIBRE SANS COLORANT SANS CONSERVATEUR AU SUCRE DE CANNE ECO EMBALLAGE','images/products/138.jpg',6,'CONFITURE DE CHATAIGNE','FRANCE','Pièce',NULL,6,1,true,3.52,6);
INSERT INTO `afg_db`.`product`(`id`,`brand`,`description`,`image_url`,`moq`,`name`,`origin`,`quantity_unity`,`ref`,`product_type_id`,`supplier_id`,`product_is_active`,`low_price`,`high_price`) VALUES (139,NULL,'RECOLTE ET MIS EN POT PAR L''APICULTEUR MIEL FRANCAIS RECOLTE ET MIS EN POT PAR L''APICULTEUR MIEL FRANCAIS','images/products/139.jpg',6,'MIEL ACACIA 500G','FRANCE','Pièce',NULL,6,1,true,7.55,12.5);
INSERT INTO `afg_db`.`product`(`id`,`brand`,`description`,`image_url`,`moq`,`name`,`origin`,`quantity_unity`,`ref`,`product_type_id`,`supplier_id`,`product_is_active`,`low_price`,`high_price`) VALUES (140,NULL,'RECOLTE ET MIS EN POT PAR L''APICULTEUR MIEL FRANCAIS RECOLTE ET MIS EN POT PAR L''APICULTEUR MIEL FRANCAIS','images/products/140.jpg',6,'MIEL FORET 500G','FRANCE','Pièce',NULL,6,1,true,7.35,12.5);
INSERT INTO `afg_db`.`product`(`id`,`brand`,`description`,`image_url`,`moq`,`name`,`origin`,`quantity_unity`,`ref`,`product_type_id`,`supplier_id`,`product_is_active`,`low_price`,`high_price`) VALUES (141,NULL,'RECOLTE ET MIS EN POT PAR L''APICULTEUR MIEL FRANCAIS RECOLTE ET MIS EN POT PAR L''APICULTEUR MIEL FRANCAIS','images/products/141.jpg',6,'MIEL ACACIA 250G','FRANCE','Pièce',NULL,6,1,true,4.52,7.5);
INSERT INTO `afg_db`.`product`(`id`,`brand`,`description`,`image_url`,`moq`,`name`,`origin`,`quantity_unity`,`ref`,`product_type_id`,`supplier_id`,`product_is_active`,`low_price`,`high_price`) VALUES (142,NULL,'RECOLTE ET MIS EN POT PAR L''APICULTEUR MIEL FRANCAIS RECOLTE ET MIS EN POT PAR L''APICULTEUR MIEL FRANCAIS','images/products/142.jpg',6,'MIEL FORET 250G','FRANCE','Pièce',NULL,6,1,true,4.43,7.5);
INSERT INTO `afg_db`.`product`(`id`,`brand`,`description`,`image_url`,`moq`,`name`,`origin`,`quantity_unity`,`ref`,`product_type_id`,`supplier_id`,`product_is_active`,`low_price`,`high_price`) VALUES (143,NULL,'RECOLTE ET MIS EN POT PAR L''APICULTEUR MIEL FRANCAIS RECOLTE ET MIS EN POT PAR L''APICULTEUR MIEL FRANCAIS','images/products/143.jpg',6,'MIEL TILLEUL 250G','France','Pièce',NULL,6,1,true,4.5,7.5);
INSERT INTO `afg_db`.`product`(`id`,`brand`,`description`,`image_url`,`moq`,`name`,`origin`,`quantity_unity`,`ref`,`product_type_id`,`supplier_id`,`product_is_active`,`low_price`,`high_price`) VALUES (144,NULL,'RECOLTE ET MIS EN POT PAR L''APICULTEUR MIEL FRANCAIS RECOLTE ET MIS EN POT PAR L''APICULTEUR MIEL FRANCAIS','images/products/144.jpg',6,'MIEL FLEURS 500G','France','Pièce',NULL,6,1,true,7.95,12.5);
INSERT INTO `afg_db`.`product`(`id`,`brand`,`description`,`image_url`,`moq`,`name`,`origin`,`quantity_unity`,`ref`,`product_type_id`,`supplier_id`,`product_is_active`,`low_price`,`high_price`) VALUES (145,NULL,'Sur commande. délai de 2 à 3 semaines 10% truffes noires du périgord 10% truffes noires du périgord','images/products/145.jpg',6,'FLEUR DE SEL TRUFFE PERIGORD','FRANCE','Pièce',NULL,6,1,true,9.7,16);
INSERT INTO `afg_db`.`product`(`id`,`brand`,`description`,`image_url`,`moq`,`name`,`origin`,`quantity_unity`,`ref`,`product_type_id`,`supplier_id`,`product_is_active`,`low_price`,`high_price`) VALUES (146,NULL,'Sur commande. délai de 2 à 3 semaines PERIGORD PERIGORD','images/products/146.jpg',6,'TRUFFES ENT PERIGORD 12.5g','FRANCE','Pièce',NULL,6,1,true,15.25,23);
INSERT INTO `afg_db`.`product`(`id`,`brand`,`description`,`image_url`,`moq`,`name`,`origin`,`quantity_unity`,`ref`,`product_type_id`,`supplier_id`,`product_is_active`,`low_price`,`high_price`) VALUES (147,NULL,'Fabriquée en Lozère Fabriquée en Lozère','images/products/147.jpg',6,'PATE A TARTINER CHATAIGNE 240G','FRANCE','Pièce',NULL,6,1,true,4.95,7);
INSERT INTO `afg_db`.`product`(`id`,`brand`,`description`,`image_url`,`moq`,`name`,`origin`,`quantity_unity`,`ref`,`product_type_id`,`supplier_id`,`product_is_active`,`low_price`,`high_price`) VALUES (148,NULL,'Fabriqué en Lozère Fabriqué en Lozère','images/products/148.jpg',12,'PATE A TARTINER CARAMEL 240G','FRANCE','Pièce',NULL,6,1,true,4.96,7);
INSERT INTO `afg_db`.`product`(`id`,`brand`,`description`,`image_url`,`moq`,`name`,`origin`,`quantity_unity`,`ref`,`product_type_id`,`supplier_id`,`product_is_active`,`low_price`,`high_price`) VALUES (149,NULL,'Fabriqué en Lozère Fabriqué en Lozère','images/products/149.jpg',9,'TABLETTE CHOCO CARAMEL 90G','FRANCE','Pièce',NULL,6,1,true,3.95,6);
INSERT INTO `afg_db`.`product`(`id`,`brand`,`description`,`image_url`,`moq`,`name`,`origin`,`quantity_unity`,`ref`,`product_type_id`,`supplier_id`,`product_is_active`,`low_price`,`high_price`) VALUES (150,NULL,'Fabriqué en Lozère Fabriqué en Lozère','images/products/150.jpg',9,'TABLETTE CHOCO NOIR ORANG 90G','FRANCE','Pièce',NULL,6,1,true,4.13,6);
INSERT INTO `afg_db`.`product`(`id`,`brand`,`description`,`image_url`,`moq`,`name`,`origin`,`quantity_unity`,`ref`,`product_type_id`,`supplier_id`,`product_is_active`,`low_price`,`high_price`) VALUES (151,NULL,'Fabriqué en Aveyron Fabriqué en Aveyron','images/products/151.jpg',18,'PAQUET PATES AVEYRON 400G','FRANCE','Pièce',NULL,6,1,true,2.65,3.9);
INSERT INTO `afg_db`.`product`(`id`,`brand`,`description`,`image_url`,`moq`,`name`,`origin`,`quantity_unity`,`ref`,`product_type_id`,`supplier_id`,`product_is_active`,`low_price`,`high_price`) VALUES (152,NULL,'ARTISANAL CUIT AU FEU DE BOIS OEUFS DE PLEIN AIR FABRIQUE EN AVEYRON ARTISANAL CUIT AU FEU DE BOIS OEUFS DE PLEIN AIR FABRIQUE EN AVEYRON','images/products/152.jpg',5,'GATEAU A LA BROCHE KG','FRANCE','Kg',NULL,6,1,true,20,30);
